"Naam organisatie";"Rechtsvorm";"Plaats"
"A & D Accountants en Belastingadviseurs";"Maatschap";"Maastricht"
"A12 Registeraccountants B.V.";"Besloten Vennootschap";"Veenendaal"
"AAGORA Accountants B.V.";"Besloten Vennootschap";"Wormerveer"
"ABAB Accountants B.V.";"Besloten Vennootschap";"Tilburg"
"accon avm controlepraktijk B.V.";"Besloten Vennootschap";"Arnhem"
"AccountAbilities Assurance B.V.";"Besloten Vennootschap";"Amsterdam"
"Accountable B.V.";"Besloten Vennootschap";"Woerden"
"Accountants + Adviesgroep LOS B.V.";"Besloten Vennootschap";"Hoevelaken"
"Accountants- en Adviesgroep Rijkse";"Maatschap";"Middelburg"
"Accountants voor de Gezondheidszorg B.V.";"Besloten Vennootschap";"Utrecht"
"Accountantskantoor Berghoef B.V.";"Besloten Vennootschap";"Aalsmeer"
"Accountantskantoor Dijksterhuis en Uil B.V.";"Besloten Vennootschap";"Groningen"
"Accountantskantoor en Belastingadviesbureau Eenkhoorn & Bakker";"Vennootschap onder firma";"Genemuiden"
"Accountantskantoor J.J. Smit B.V.";"Besloten Vennootschap";"Delfzijl"
"Accountantskantoor Oudshoorn B.V.";"Besloten Vennootschap";"Woerden"
"Accountantskantoor Smid B.V.";"Besloten Vennootschap";"Wijhe"
"Accountantskantoor van Kester B.V.";"Besloten Vennootschap";"Hoeven"
"ACOBAN";"Eenmanszaak";"Zeewolde"
"Actan adviseurs & accountants B.V.";"Besloten Vennootschap";"Hoofddorp"
"Afier Auditors B.V.";"Besloten Vennootschap";"Tynaarlo"
"AKSOS Assurance B.V.";"Besloten Vennootschap";"Groningen"
"Alfa Accountants B.V.";"Besloten Vennootschap";"Nijkerk"
"Amace Audit & Assurance B.V.";"Besloten Vennootschap";"'s-Gravenhage"
"Amstelstad Audit B.V.";"Besloten Vennootschap";"Amstelveen"
"Arep Accountants & Belastingadviseurs B.V.";"Besloten Vennootschap";"Nieuwegein"
"Astrium Accountants B.V.";"Besloten Vennootschap";"Zoetermeer"
"Astrium Overheidsaccountants B.V.";"Besloten Vennootschap";"Zoetermeer"
"AT&C Accountants B.V.";"Besloten Vennootschap";"Tiel"
"Audit 4you B.V.";"Besloten Vennootschap";"Delft"
"Audit Combinate B.V.";"Besloten Vennootschap";"Halsteren"
"Audit en Co B.V.";"Besloten Vennootschap";"Alphen aan den Rijn"
"Audit Service Plus B.V.";"Besloten Vennootschap";"Uden"
"Audit To Be B.V.";"Besloten Vennootschap";"Voorburg"
"AuditNL Oost B.V.";"Besloten Vennootschap";"Arnhem"
"AuditNL West B.V.";"Besloten Vennootschap";"Pijnacker"
"AuditZ B.V.";"Besloten Vennootschap";"Noordwijk Zh"
"Auren Audit & Assurance Amersfoort B.V.";"Besloten Vennootschap";"Amersfoort"
"Auren Audit & Assurance Amsterdam B.V.";"Besloten Vennootschap";"Amstelveen"
"AV - Adriaan";"Eenmanszaak";"Arcen"
"B.V. Obras";"Besloten Vennootschap";"Amsterdam"
"Baker Tilly (Netherlands) N.V.";"Naamloze Vennootschap";"Rotterdam"
"Baker Tilly Curacao B.V.";"Besloten Vennootschap";"Willemstad"
"BAKKER accountants & adviseurs";"Maatschap";"Ridderkerk"
"BDO Audit & Assurance B.V.";"Besloten Vennootschap";"Eindhoven"
"Benard Accountants/Belastingadviseurs B.V.";"Besloten Vennootschap";"Capelle Aan Den Ijssel"
"Bentacera Registeraccountants B.V.";"Besloten Vennootschap";"Drachten"
"Berkenrode Audit B.V.";"Besloten Vennootschap";"Heemstede"
"Berveling Accountants & Adviseurs B.V.";"Besloten Vennootschap";"Leiden"
"Beuk Audit B.V.";"Besloten Vennootschap";"Velsen-Zuid"
"BGH Accountants & Adviseurs B.V.";"Besloten Vennootschap";"Nijmegen"
"BLM B.V.";"Besloten Vennootschap";"Veldhoven"
"Blue Line Accountants en Belastingadviseurs B.V.";"Besloten Vennootschap";"Almere"
"Bol Accountants B.V.";"Besloten Vennootschap";"Boxmeer"
"Bolk & De Bekker Audit B.V.";"Besloten Vennootschap";"Uden"
"Bongers Posthumus & Verboord accountants en belastingadviseurs B.V.";"Besloten Vennootschap";"Geleen"
"Boon Registeraccountants B.V.";"Besloten Vennootschap";"Apeldoorn"
"Boonzaaijer & Merkus Registeraccountants B.V.";"Besloten Vennootschap";"BILTHOVEN"
"Borrie Accountants B.V.";"Besloten Vennootschap";"Rotterdam"
"Bouwer & Officier Audit Services B.V.";"Besloten Vennootschap";"'s-Gravenhage"
"Brouwers Accountants B.V.";"Besloten Vennootschap";"Zwolle"
"Coney Assurance B.V.";"Besloten Vennootschap";"Rotterdam"
"Constantin Registeraccountants";"Maatschap";"Ridderkerk"
"Contour";"Maatschap";"Venlo"
"Coöperatie ConFirm U.A.";"Coöperatie U.A.";"Doetinchem"
"Coöperatie PricewaterhouseCoopers Nederland U.A.";"Coöperatie U.A.";"Amsterdam"
"Cooster coaching accountants B.V.";"Besloten Vennootschap";"Barneveld"
"Countus Accountants + Adviseurs B.V.";"Besloten Vennootschap";"Zwolle"
"Cox & Partners Registeraccountants B.V.";"Besloten Vennootschap";"Hoofddorp"
"CPAccountants B.V.";"Besloten Vennootschap";"Zaandam"
"CROP registeraccountants";"Maatschap";"Amersfoort"
"Crowe Foederer B.V.";"Besloten Vennootschap";"Eindhoven"
"Crowe Peak Audit & Assurance B.V.";"Besloten Vennootschap";"Rotterdam"
"Daamen & van Sluis Accountants Belastingadviseurs";"Maatschap";"Capelle aan den IJssel"
"De Beer Audit B.V.";"Besloten Vennootschap";"Tilburg"
"De Hooge Waerder Registeraccountants B.V.";"Besloten Vennootschap";"Alkmaar"
"De Jong & Laan Accountants B.V.";"Besloten Vennootschap";"Vroomshoop"
"De Jong Koster accountants & adviseurs";"Maatschap";"Ridderkerk"
"De Kok Accountants B.V.";"Besloten Vennootschap";"Almelo"
"De Meerse Accountants Associatie B.V.";"Besloten Vennootschap";"Aalsmeer"
"De Wert accountants & belastingadviseurs";"Maatschap";"Eindhoven"
"Deloitte Accountants B.V.";"Besloten Vennootschap";"Rotterdam"
"Denote Assurance B.V.";"Besloten Vennootschap";"Eindhoven"
"DH Accountants en Belastingadviseurs B.V.";"Besloten Vennootschap";"Ede"
"Dok Auditing B.V.";"Besloten Vennootschap";"Helmond"
"Driebergen Accountants";"Maatschap";"Rijnsburg"
"DRV Accountants & Adviseurs";"Maatschap";"Rotterdam"
"DTG Audit & Assurance B.V.";"Besloten Vennootschap";"Heerhugowaard"
"ECOVIS BonsenReuling Audit B.V.";"Besloten Vennootschap";"Lichtenvoorde"
"Eindhoven Accountants & Adviseurs B.V.";"Besloten Vennootschap";"EINDHOVEN"
"EJP audit B.V.";"Besloten Vennootschap";"'s-Hertogenbosch"
"Elysee Accountants B.V.";"Besloten Vennootschap";"Veenendaal"
"ENDYMION Accountants B.V.";"Besloten Vennootschap";"Amsterdam"
"enik B.V.";"Besloten Vennootschap";"Amersfoort"
"Epe Accountants";"Maatschap";"Harderwijk"
"Equus accountants en belastingadviseurs";"Maatschap";"Ede Gld"
"Ernst & Young Accountants LLP";"Buitenlandse vennootschap met onderneming in Nederland";"Rotterdam"
"Eshuis Registeraccountants B.V.";"Besloten Vennootschap";"Almelo"
"ESJ Audit & Assurance B.V.";"Besloten Vennootschap";"Breda"
"ETL Accountants B.V.";"Besloten Vennootschap";"Doetinchem"
"FACET Audit B.V.";"Besloten Vennootschap";"Capelle aan den IJssel"
"Fact Accountants & Adviseurs B.V.";"Besloten Vennootschap";"Amsterdam"
"Finc Accountants B.V.";"Besloten Vennootschap";"Waalwijk"
"Finchtree B.V.";"Besloten Vennootschap";"Vlaardingen"
"Flantua Audit B.V.";"Besloten Vennootschap";"Nieuwegein"
"Flynth Audit B.V.";"Besloten Vennootschap";"Arnhem"
"FSV Accountants + Adviseurs B.V.";"Besloten Vennootschap";"Zaltbommel"
"Govers Accountants/Adviseurs";"Maatschap";"Eindhoven"
"Grant Thornton Accountants en Adviseurs B.V.";"Besloten Vennootschap";"Alphen aan den Rijn"
"GT Bunck Accountants Belastingadviseurs";"Maatschap";"Amstelveen"
"H. Meulink Registeraccountant";"Eenmanszaak";"Borne"
"HAB International B.V.";"Besloten Vennootschap";"Amsterdam"
"Helder Controle B.V.";"Besloten Vennootschap";"Pijnacker"
"Hendriks van Bergen & Smulders B.V.";"Besloten Vennootschap";"Berghem"
"Hermans & Partners B.V., accountants en adviseurs";"Besloten Vennootschap";"Mijnsheerenland"
"HLB Blömer accountants en adviseurs B.V.";"Besloten Vennootschap";"Nieuwegein"
"HLB Den Hartog Accountants & Consultants";"Maatschap";"Rotterdam"
"HLB Nannen Accountants en Adviseurs";"Maatschap";"Emmen"
"HLB Van Daal Audit B.V.";"Besloten Vennootschap";"Waalwijk"
"HLG audit B.V.";"Besloten Vennootschap";"Leusden"
"Hoek en Blok Audit B.V.";"Besloten Vennootschap";"Sliedrecht"
"Hofsteenge Zeeman Groep B.V.";"Besloten Vennootschap";"Groningen"
"Hordijk, Kok, Laan & Wabeke registeraccountants B.V.";"Besloten Vennootschap";"Everdingen"
"Horlings Accountants & Belastingadviseurs B.V.";"Besloten Vennootschap";"Amsterdam"
"Ipa-Acon Assurance B.V.";"Besloten Vennootschap";"Haarlem"
"IUS Statutory Audits Coöperatie U.A.";"Coöperatie U.A.";"Amstelveen"
"IZA Accountants B.V.";"Besloten Vennootschap";"Houten"
"Jan© Accountants en Belastingadviseurs B.V.";"Besloten Vennootschap";"Purmerend"
"Joanknecht B.V.";"Besloten Vennootschap";"Eindhoven"
"Joinson & Spice B.V.";"Besloten Vennootschap";"Amsterdam"
"Joore N.V.";"Naamloze Vennootschap";"Tilburg"
"JPA Van Noort Gassler & Co B.V.";"Besloten Vennootschap";"'s-Gravenhage"
"Kaap Hoorn Audit & Assurance B.V.";"Besloten Vennootschap";"Hoorn"
"Kalnenek Accountants";"Eenmanszaak";"Landgraaf"
"Kamphuis & Berghuizen Accountants |            Belastingadviseurs B.V.";"Besloten Vennootschap";"Hilversum"
"Kemp Accountants B.V.";"Besloten Vennootschap";"Eindhoven"
"Keystone Accountants B.V.";"Besloten Vennootschap";"Druten"
"Koeleman accountants & belastingadviseurs B.V.";"Besloten Vennootschap";"Hilversum"
"Koenen en Co Audit & Assurance B.V.";"Besloten Vennootschap";"Maastricht"
"Konings & Meeuwissen, accountants en           belastingadviseurs";"Maatschap";"Nijmegen"
"Koningsbos Accountants B.V.";"Besloten Vennootschap";"Amsterdam"
"KPMG Accountants N.V.";"Naamloze Vennootschap";"Amstelveen"
"KramerKuiper Accountants/Adviseurs";"Maatschap";"Purmerend"
"KRC Van Elderen Registeraccountants B.V.";"Besloten Vennootschap";"Apeldoorn"
"Kreston Lentink Audit B.V.";"Besloten Vennootschap";"Huizen"
"KroeseWevers Audit B.V.";"Besloten Vennootschap";"Enschede"
"Kromhout Accountants B.V.";"Besloten Vennootschap";"Lisse"
"KSG Registeraccountants B.V.";"Besloten Vennootschap";"Reuver"
"KUBUS Audit B.V.";"Besloten Vennootschap";"Dordrecht"
"Langedijk & Starren - Audit en Assurance B.V.";"Besloten Vennootschap";"Obdam"
"Lansigt accountants en belastingadviseurs B.V.";"Besloten Vennootschap";"Alphen aan den Rijn"
"Linden Accountants B.V.";"Besloten Vennootschap";"Veldhoven"
"Londen & Van Holland Registeraccountants en Belastingadviseurs";"Maatschap";"Amsterdam"
"Louer Accountancy B.V.";"Besloten Vennootschap";"Goirle"
"Lucro accountancy B.V.";"Besloten Vennootschap";"Rijswijk"
"M & K Hilversum B.V.";"Besloten Vennootschap";"Hilversum"
"M & P Audit B.V.";"Besloten Vennootschap";"Hoogeveen"
"Maatschap Accanthus Accountants en Belastingadviseurs";"Maatschap";"Breda"
"Maatschap Accountantskantoor van Oort en de Wit";"Maatschap";"Volkel"
"Maatschap Adbeco Accountants";"Maatschap";"Emmen"
"Maatschap Blaak & Breederveld Accountants";"Maatschap";"Naaldwijk"
"Maatschap Dubois & Co Registeraccountants";"Maatschap";"Amsterdam"
"Maatschap GBA Accountants";"Maatschap";"'s-Gravenhage"
"Maatschap Hilgers Accountants";"Maatschap";"Purmerend"
"Maatschap HZW accountants & belastingadviseurs";"Maatschap";"Veenendaal"
"Maatschap Kempen Küppers Accountants & Belastingadviseurs";"Maatschap";"Sint Anthonis"
"Maatschap Lentink de Jonge";"Maatschap";"Harderwijk"
"Maatschap Otten & Kampschreur Accountants en Belastingadviseurs";"Maatschap";"Huissen"
"Maatschap PKF Wallast";"Maatschap";"Delft"
"Maatschap Schot Accountants & Belastingadviseurs";"Maatschap";"Rotterdam"
"Maatschap Steens & Partners Accountants en Adviseurs";"Maatschap";"Rotterdam"
"Maatschap Stolwijk Kelderman";"Maatschap";"Doetinchem"
"Maatschap van de Ven Accountants|Adviseurs";"Maatschap";"Sint-Oedenrode"
"MAS-Zöllner Accountants en Belastingadviseurs B.V.";"Besloten Vennootschap";"Barendrecht"
"Mateboer, Meester & Kuiper Accountants & Belastingadviseurs";"Maatschap";"Kampen"
"Mazars Accountants N.V.";"Naamloze Vennootschap";"Rotterdam"
"Meerwijk Stanton Groep B.V.";"Besloten Vennootschap";"Baarn"
"Moens Accountancy B.V.";"Besloten Vennootschap";"'s-Hertogenbosch"
"MPR Accountants B.V.";"Besloten Vennootschap";"Rotterdam"
"MTH accountants & adviseurs B.V.";"Besloten Vennootschap";"Emmeloord"
"Nagtzaam Accountants & Fiscalisten Veghel B.V.";"Besloten Vennootschap";"Veghel"
"NBC Audit Services B.V.";"Besloten Vennootschap";"Volendam"
"New Vision Auditors B.V.";"Besloten Vennootschap";"Culemborg"
"NielenVandeLaar accountants B.V.";"Besloten Vennootschap";"Werkhoven"
"O2 Audit B.V.";"Besloten Vennootschap";"Dordrecht"
"Omnyacc In Control B.V.";"Besloten Vennootschap";"Den Helder"
"Omnyacc Van Teylingen";"Maatschap";"Heerhugowaard"
"P&P Audit B.V.";"Besloten Vennootschap";"Goes"
"Philipsen Accountants / Adviseurs B.V.";"Besloten Vennootschap";"Wijchen"
"PricewaterhouseCoopers Accountants N.V.";"Naamloze Vennootschap";"Amsterdam"
"Profinis Accountants B.V.";"Besloten Vennootschap";"Urk"
"Publiek Belang Accountants B.V.";"Besloten Vennootschap";"Rijswijk"
"Publieke Sector Accountants B.V.";"Besloten Vennootschap";"Rotterdam"
"Q Accountants en Belastingadviseurs B.V.";"Besloten Vennootschap";"Nijmegen"
"Q-Concepts Accountancy B.V.";"Besloten Vennootschap";"'s-Hertogenbosch"
"RDR Accountants B.V.";"Besloten Vennootschap";"Rotterdam"
"Reanda Audit & Assurance B.V.";"Besloten Vennootschap";"Amsterdam"
"Reith & Ten Böhmer Accountants en Belastingadviseurs";"Vennootschap onder firma";"Andelst"
"RSM Nederland Accountants N.V.";"Naamloze Vennootschap";"Maastricht"
"RSM Netherlands Accountants N.V.";"Naamloze Vennootschap";"Haarlem"
"RSM Netherlands Audit B.V.";"Besloten Vennootschap";"Haarlem"
"RSW Accountants";"Maatschap";"Helmond"
"Rubicon Registeraccountants B.V.";"Besloten Vennootschap";"Eindhoven"
"Ruitenburg adviseurs & accountants";"Maatschap";"Maassluis"
"Ruitenburg Audit B.V.";"Besloten Vennootschap";"Maassluis"
"Sai, Registeraccountants B.V.";"Besloten Vennootschap";"Groningen"
"Salehi Audit & Advisory B.V.";"Besloten Vennootschap";"Spijkenisse"
"Scab Accountants & Adviseurs B.V.";"Besloten Vennootschap";"Tilburg"
"Scheers Groep Accountants";"Maatschap";"Herten"
"Schipper Accountants B.V.";"Besloten Vennootschap";"Goes"
"Schuiteman & Partners Registeraccountants B.V.";"Besloten Vennootschap";"Voorthuizen"
"Schuurman & De Leeuw Accountants B.V.";"Besloten Vennootschap";"Wageningen"
"Share Impact Accountants B.V.";"Besloten Vennootschap";"'s-Gravenhage"
"Slof & Wildenburg Adviseurs B.V.";"Besloten Vennootschap";"Amstelveen"
"SMA Accountants N.V.";"Naamloze Vennootschap";"Capelle aan den IJssel"
"Smids en Schakel Accountants en Adviseurs B.V.";"Besloten Vennootschap";"Leeuwarden"
"SmitsVandenBroek Accountants B.V.";"Besloten Vennootschap";"Weert"
"SMK Audit B.V.";"Besloten Vennootschap";"Enschede"
"SNP Adviseurs";"Maatschap";"Twello"
"Spaarne Audit B.V.";"Besloten Vennootschap";"Haarlem"
"Spek Accountants en Belastingadviseurs B.V.";"Besloten Vennootschap";"Krimpen aan den IJssel"
"Spiegel Accountants";"Eenmanszaak";"Zwolle"
"SRL Accountants en Belastingadviseurs";"Maatschap";"Sommelsdijk"
"Stichting Audit Only";"Stichting";"Deventer"
"Stielstra & Partners, accountants en adviseurs";"Maatschap";"Rijswijk"
"Stighter & Partners B.V.";"Besloten Vennootschap";"Amsterdam"
"Stouten en Wijnen B.V.";"Besloten Vennootschap";"Culemborg"
"Stroeken B.V.";"Besloten Vennootschap";"Waalre"
"Swart & Co Accountants";"Maatschap";"Amstelveen"
"Tamek Accountants B.V.";"Besloten Vennootschap";"Meppel"
"Taxture Audit B.V.";"Besloten Vennootschap";"'s-Gravenhage"
"The Audit Generation B.V.";"Besloten Vennootschap";"Utrecht"
"TIC Assurance B.V.";"Besloten Vennootschap";"Zwolle"
"Top en Co., Accountants en Belastingadviseurs";"Maatschap";"'s-Gravenhage"
"Trivent Accountants en Belastingadviseurs";"Maatschap";"'s-Hertogenbosch"
"Troost accountantskantoor V.O.F.";"Vennootschap onder firma";"Oud-Beijerland"
"UNP accountants adviseurs B.V.";"Besloten Vennootschap";"Assen"
"Valkering Accountants B.V.";"Besloten Vennootschap";"Uitgeest"
"Vallei Accountants B.V.";"Besloten Vennootschap";"Woudenberg"
"Van Boekel accountants en adviseurs";"Maatschap";"Tilburg"
"Van de Graft Accountants B.V.";"Besloten Vennootschap";"Beek en Donk"
"Van den Akker Accountants B.V.";"Besloten Vennootschap";"Zevenhuizen"
"Van den Broek Accountants B.V.";"Besloten Vennootschap";"Leiden"
"Van den Hoonaard Accountants en Belastingadvies B.V.";"Besloten Vennootschap";"Purmerend"
"Van der Meer Accountants B.V.";"Besloten Vennootschap";"Groningen"
"Van der Veen & Kromhout";"Maatschap";"Gorredijk"
"Van Duyn Van der Geer B.V.";"Besloten Vennootschap";"Noordwijk"
"Van Herwijnen Kreston Accountants B.V.";"Besloten Vennootschap";"Tiel"
"Van Hoesel/de Blaey Accountancy B.V.";"Besloten Vennootschap";"Sliedrecht"
"Van Kempen en Co Audit B.V.";"Besloten Vennootschap";"Leusden"
"Van Luxemborg en de Kok B.V.";"Besloten Vennootschap";"Tilburg"
"Van Noordenne Accountants";"Maatschap";"Gorinchem"
"Van Oers Audit B.V.";"Besloten Vennootschap";"Breda"
"Van Ree Accountants B.V.";"Besloten Vennootschap";"Barneveld"
"Van Wezel Audit B.V.";"Besloten Vennootschap";"Rijnsburg"
"VANDERLAANGROEP AUDIT B.V.";"Besloten Vennootschap";"Assendelft"
"VanOoijen Accountants N.V.";"Naamloze Vennootschap";"Haarlem"
"VBWA B.V.";"Besloten Vennootschap";"Scherpenzeel"
"VDGC Accountants en Belastingadviseurs";"Maatschap";"Zeist"
"Verder Accountants B.V.";"Besloten Vennootschap";"Utrecht"
"Vermetten B.V.";"Besloten Vennootschap";"Gilze"
"Versluis Accountancy B.V.";"Besloten Vennootschap";"Schoonhoven"
"Verstegen accountants en adviseurs B.V.";"Besloten Vennootschap";"Dordrecht"
"vhm I audit B.V.";"Besloten Vennootschap";"Epe"
"Vigilate Accountants B.V.";"Besloten Vennootschap";"Nieuwerkerk ad IJssel"
"Visser & Visser Audit en Assurance B.V.";"Besloten Vennootschap";"Barendrecht"
"VLR accountants B.V.";"Besloten Vennootschap";"Krimpen aan den IJssel"
"Vola Leinders Monetarius Accountants & Adviseurs B.V.";"Besloten Vennootschap";"Sittard"
"VWGNijhof registeraccountants B.V.";"Besloten Vennootschap";"Nijmegen"
"WEA Audit B.V.";"Besloten Vennootschap";"Goes"
"Wesselman Registeraccountants B.V.";"Besloten Vennootschap";"Helmond"
"WGS Accountants B.V.";"Besloten Vennootschap";"Woerden"
"Witlox Van den Boomen Accountants N.V.";"Naamloze Vennootschap";"Rosmalen"
"Witlox VCS audit B.V.";"Besloten Vennootschap";"Breda"
"WOG Registeraccountants B.V.";"Besloten Vennootschap";"Weert"
"Wolting & Versteegh B.V.";"Besloten Vennootschap";"Heerlen"
"Worrell & Jetten Audit B.V.";"Besloten Vennootschap";"Zoetermeer"
"Zirkzee Audit B.V.";"Besloten Vennootschap";"Oegstgeest"

"Disclaimer CSV"
"Datum laatste update 04 Dec 2019"
